<appaction uniquename="contoso__Decline!8369a8f4cf8a4304a840c307c55d159a!contoso_ManageLeave!contoso_leaverequest!0">
  <appmoduleid>
    <uniquename>contoso_ManageLeave</uniquename>
  </appmoduleid>
  <buttonaccessibilitytext default="Decline request">
    <label description="Decline request" languagecode="1033" />
  </buttonaccessibilitytext>
  <buttonlabeltext default="Decline">
    <label description="Decline" languagecode="1033" />
  </buttonlabeltext>
  <buttonsequencepriority>12.0000000000</buttonsequencepriority>
  <buttontooltipdescription default="Decline request">
    <label description="Decline request" languagecode="1033" />
  </buttontooltipdescription>
  <buttontooltiptitle default="Decline request">
    <label description="Decline request" languagecode="1033" />
  </buttontooltiptitle>
  <context>1</context>
  <contextentity>
    <logicalname>contoso_leaverequest</logicalname>
  </contextentity>
  <contextvalue>contoso_leaverequest</contextvalue>
  <fonticon>ThumbsDown</fonticon>
  <hidden>0</hidden>
  <iscustomizable>1</iscustomizable>
  <isgrouptitlehidden>0</isgrouptitlehidden>
  <location>0</location>
  <name>Decline!8369a8f4cf8a4304a840c307c55d159a</name>
  <onclickeventjavascriptfunctionname>openDialog</onclickeventjavascriptfunctionname>
  <onclickeventjavascriptparameters>[{"type":5},{"type":4},{"type":21,"value":"Decline"}]</onclickeventjavascriptparameters>
  <onclickeventjavascriptwebresourceid>
    <webresourceid>fc2657ac-a4a0-ed11-aad1-000d3a25b1bb</webresourceid>
  </onclickeventjavascriptwebresourceid>
  <onclickeventtype>2</onclickeventtype>
  <statecode>0</statecode>
  <statuscode>1</statuscode>
  <type>0</type>
  <visibilityformulacomponentlibraryid>
    <name>contoso_manageleavedefaultcommandlibrary_56cd8</name>
  </visibilityformulacomponentlibraryid>
  <visibilityformulacomponentname>5aa5b1d39d434db4a4beff63e5fce454</visibilityformulacomponentname>
  <visibilityformulafunctionname>Visible</visibilityformulafunctionname>
  <visibilitytype>1</visibilitytype>
</appaction>