<appaction uniquename="contoso__Approve!314b30e045464bd88d27240db555a893!contoso_ManageLeave!contoso_leaverequest!0">
  <appmoduleid>
    <uniquename>contoso_ManageLeave</uniquename>
  </appmoduleid>
  <buttonaccessibilitytext default="Approve request">
    <label description="Approve request" languagecode="1033" />
  </buttonaccessibilitytext>
  <buttonlabeltext default="Approve">
    <label description="Approve" languagecode="1033" />
  </buttonlabeltext>
  <buttonsequencepriority>11.0000000000</buttonsequencepriority>
  <buttontooltipdescription default="Approve request">
    <label description="Approve request" languagecode="1033" />
  </buttontooltipdescription>
  <buttontooltiptitle default="Approve request">
    <label description="Approve request" languagecode="1033" />
  </buttontooltiptitle>
  <context>1</context>
  <contextentity>
    <logicalname>contoso_leaverequest</logicalname>
  </contextentity>
  <contextvalue>contoso_leaverequest</contextvalue>
  <fonticon>ThumbsUp</fonticon>
  <hidden>0</hidden>
  <iscustomizable>1</iscustomizable>
  <isgrouptitlehidden>0</isgrouptitlehidden>
  <location>0</location>
  <name>Approve!314b30e045464bd88d27240db555a893</name>
  <onclickeventjavascriptfunctionname>openDialog</onclickeventjavascriptfunctionname>
  <onclickeventjavascriptparameters>[{"type":5},{"type":4},{"type":21,"value":"Approve"}]</onclickeventjavascriptparameters>
  <onclickeventjavascriptwebresourceid>
    <webresourceid>fc2657ac-a4a0-ed11-aad1-000d3a25b1bb</webresourceid>
  </onclickeventjavascriptwebresourceid>
  <onclickeventtype>2</onclickeventtype>
  <statecode>0</statecode>
  <statuscode>1</statuscode>
  <type>0</type>
  <visibilityformulacomponentlibraryid>
    <name>contoso_manageleavedefaultcommandlibrary_56cd8</name>
  </visibilityformulacomponentlibraryid>
  <visibilityformulacomponentname>c7d53d8d98cc4e3ca28d1e5ca3f3c05f</visibilityformulacomponentname>
  <visibilityformulafunctionname>Visible</visibilityformulafunctionname>
  <visibilitytype>1</visibilitytype>
</appaction>